,Age Range,Discouraged Jobseekers
0,15–24,19127.603453
1,25–34,10210.574674
2,35–44,12010.948635
3,45–54,8337.623603600001
4,55–64,19210.640148
5,65 and over,34798.844168
