age_range,discouraged_jobseekers
15–24,19127.603453
25–34,10210.574674
35–44,12010.948635
45–54,8337.623603600001
55–64,19210.640148
65 and over,34798.844168
