,State/Territory,Discouraged Jobseekers,Other,Total
0,New South Wales,35294.443384,247033.57608,282328.01946
1,Victoria,29665.225257,215186.50196999998,244851.72722
2,Queensland,16515.30933,142388.96555,158904.27488
3,South Australia,5064.2871402,54870.184505,59934.471645000005
4,Western Australia,11498.12884,91921.807557,103419.93639999999
5,Tasmania,3687.1939088999998,16246.490577999999,19933.684486000002
6,Northern Territory,941.0218732,5991.0641497999995,6932.086023
7,Australian Capital Territory,1030.6249472,12899.932078999998,13930.557026
