state_territory,unemployed_males,unemployed_females,unemployed_persons,employed_males,employed_females,employed_persons
New South Wales,112945.71548,89785.57182299999,202731.2873,365633.55971,377107.82665,742741.38636
Victoria,94190.597794,91945.809923,186136.40772,353388.09911999997,326054.61831999995,679442.71744
Queensland,87235.314785,68519.25147999999,155754.56626,241420.67758,216821.67792000002,458242.35549000005
South Australia,29764.662561,24717.399134,54482.061695,74780.130808,77814.793609,152594.92442000002
Western Australia,42139.740754,35491.005274999996,77630.74602800001,138513.35929000002,119396.19408999999,257909.55337000004
Tasmania,7899.5043847,6748.2627088,14647.767093,24364.490803999997,20654.131830000002,45018.62263400001
Northern Territory,3391.3592901,3362.2626329,6753.621923,11822.13986,12612.096887,24434.236747
Australian Capital Territory,3339.7858369,4107.5093655,7447.295202400001,22523.613090000003,25405.727648,47929.340738
