age_range,unemployed_males,unemployed_females,unemployed_persons,employed_males,employed_females,employed_persons
15–24,159565.3854,121044.09092999999,280609.47633000003,380401.48973,385679.05881,766080.54854
25–34,74594.16647899999,66539.343886,141133.51036000001,367450.97932,351866.66872,719317.64804
35–44,51645.723769,50073.315809,101719.03958,241445.84635,210000.56767999998,451446.41403000004
45–54,44478.867093,47368.896916,91847.764009,142725.98542,137576.32437000002,280302.30977999995
55–64,43499.936666,35048.634453,78548.571119,87621.94834500001,80653.175223,168275.12357
65 and over,7122.601481000001,4602.790347,11725.391828,12799.821098,10091.272147,22891.093245
