,Age_Range,Persons
0,15–24,46.73444
1,25–34,62.2
2,35–44,21.9081
3,45–54,13.2327
4,55 and over,9.51845
