age_range,too_many_applicants
15–24,46734.44
25–34,62200.0
35–44,21908.100000000002
45–54,13232.699999999999
55 and over,9518.449999999999
